Question, Option A, Option B, Option C, Option D, Correct Answer,Language,category,difficulty,relation
What is the Russian word for  hello ?, Привет, Добрый день, Спасибо, Пожалуйста, Привет,Russian,Vocabulary,Easy,Greetings
How do you say  thank you  in Russian?, Пока, Да, Спасибо, Извините, Спасибо,Russian,Vocabulary,Easy,Politeness
Which of the following means  goodbye  in Russian?, Здравствуйте, До свидания, Как дела?, Что это?, До свидания,Russian,Vocabulary,Easy,Partings
Translate  yes  into Russian., Нет, Да, Пожалуйста, Спасибо, Да,Russian,Vocabulary,Easy,Confirmation
What is the Russian word for  good morning ?, Доброе утро, Добрый вечер, Добрый день, Спасибо, Доброе утро,Russian,Vocabulary,Easy,Greetings
How would you say  I'm fine  in Russian?, Хорошо, Плохо, Простите, Спасибо, Хорошо,Russian,Vocabulary,Easy,Feelings
Translate  cat  into Russian., Собака, Кошка, Птица, Лошадь, Кошка,Russian,Vocabulary,Easy,Animals
What does  пожалуйста  mean in English?, Please, Thank you, Yes, No, Please,Russian,Vocabulary,Easy,Politeness
How do you say  no  in Russian?, Да, Нет, Здравствуйте, Пока, Нет,Russian,Vocabulary,Easy,Negation
What is the Russian word for  apple ?, Банан, Яблоко, Груша, Апельсин, Яблоко,Russian,Vocabulary,Easy,Food
Translate  book  into Russian., Стол, Книга, Стул, Кошка, Книга,Russian,Vocabulary,Easy,Objects
What is the Russian word for  where ?, Когда, Кто, Где, Что, Где,Russian,Vocabulary,Easy,Location
Translate  dog  into Russian., Кошка, Собака, Птица, Лошадь, Собака,Russian,Vocabulary,Easy,Animals
How do you say  please  in Russian?, Пожалуйста, Спасибо, Да, Нет, Пожалуйста,Russian,Vocabulary,Easy,Politeness
What is the Russian word for  water ?, Чай, Молоко, Вода, Сок, Вода,Russian,Vocabulary,Easy,Elements
Translate  table  into Russian., Стол, Стул, Кровать, Книга, Стол,Russian,Vocabulary,Easy,Furniture
What does  спасибо  mean in English?, Goodbye, Hello, Thank you, Please, Thank you,Russian,Vocabulary,Easy,Politeness
How would you say  excuse me  in Russian?, Извините, Привет, Пожалуйста, Да, Извините,Russian,Vocabulary,Easy,Politeness
Translate  today  into Russian., Завтра, Вчера, Сегодня, Зима, Сегодня,Russian,Vocabulary,Easy,Time
What is the Russian word for banana?, Яблоко, Молоко, Банан, Апельсин, Банан,Russian,Vocabulary,Easy,Food
Translate mother into Russian., Мать, Отец, Сестра, Брат, Мать,Russian,Vocabulary,Easy,Family
How do you say one in Russian?, Два, Три, Один, Четыре, Один,Russian,Vocabulary,Easy,Numbers
What is the Russian word for father?, Брат, Мать, Отец, Сестра, Отец,Russian,Vocabulary,Easy,Family
Translate hello into Russian., Привет, Пока, Добрый день, Спасибо, Привет,Russian,Vocabulary,Easy,Greetings
What does спокойной ночи mean in English?, Good morning, Goodbye, Good night, Thank you, Good night,Russian,Vocabulary,Easy,Wishes
How would you say I need help in Russian?, Мне нужна помощь, Я хочу есть, Спасибо большое, Как дела, Мне нужна помощь,Russian,Vocabulary,Easy,Assistance
What is the Russian word for table?, Стол, Стул, Кровать, Книга, Стол,Russian,Vocabulary,Easy,Furniture
Translate sun into Russian., Дождь, Солнце, Снег, Ветер, Солнце,Russian,Vocabulary,Easy,Nature
How do you say good evening in Russian?, Добрый день, Добрый вечер, Спокойной ночи, Пока, Добрый вечер,Russian,Vocabulary,Easy,Greetings
What is the Russian word for milk?, Вода, Сок, Молоко, Чай, Молоко,Russian,Vocabulary,Easy,Food
Translate train into Russian., Самолет, Поезд, Автомобиль, Корабль, Поезд,Russian,Vocabulary,Easy,Transport
What does до свидания mean in English?, Goodbye, Hello, Thank you, Please, Goodbye,Russian,Vocabulary,Easy,Partings
How would you say I am hungry in Russian?, У меня есть голод, Я устал, Я грустный, У меня есть жажда, Я голоден,Russian,Vocabulary,Easy,Feelings
What is the Russian word for car?, Самолет, Поезд, Автомобил, Корабль, Автомобил,Russian,Vocabulary,Easy,Transport
Translate orange into Russian., Красный, Синий, Желтый, Оранжевый, Оранжевый,Russian,Vocabulary,Easy,Colors
What is the Russian word for moon?, Звезда, Солнце, Луна, Планета, Луна,Russian,Vocabulary,Easy,Nature
How do you say beautiful in Russian?, Умный, Красивый, Добрый, Сильный, Красивый,Russian,Vocabulary,Easy,Appearance
What does как дела mean in English?, How are you?, Thank you, Goodbye, Please, How are you?,Russian,Vocabulary,Easy,Greetings
Translate watermelon into Russian., Арбуз, Мандарин, Яблоко, Груша, Арбуз,Russian,Vocabulary,Easy,Food
What is the Russian word for woman?, Женщина, Мужчина, Ребенок, Собака, Женщина,Russian,Vocabulary,Easy,People
Translate sky into Russian., Земля, Небо, Вода, Огонь, Небо,Russian,Vocabulary,Easy,Nature
How would you say I am cold in Russian?, Мне жарко, Мне холодно, Я рад, Я голоден, Мне холодно,Russian,Vocabulary,Easy,Feelings
What is the Russian word for color?, Книга, Цвет, Стол, Часы, Цвет,Russian,Vocabulary,Easy,Concepts
Translate tree into Russian., Дом, Поле, Лес, Дерево, Дерево,Russian,Vocabulary,Easy,Nature
What does здравствуйте mean in English?, Thank you, Hello, Goodbye, Please, Hello,Russian,Vocabulary,Easy,Greetings
How do you say three in Russian?, Один, Два, Три, Четыре, Три,Russian,Vocabulary,Easy,Numbers
What is the Russian word for school?, Дом, Кино, Школа, Работа, Школа,Russian,Vocabulary,Easy,Education
Translate apple into Russian., Банан, Яблоко, Мандарин, Груша, Яблоко,Russian,Vocabulary,Easy,Food
What is the Russian word for city?, Деревня, Город, Страна, Дом, Город,Russian,Vocabulary,Easy,Places
Translate chair into Russian., Стол, Кровать, Кресло, Стул, Стул,Russian,Vocabulary,Easy,Furniture
What does спасибо большое mean in English?, Thank you very much, Good night, Goodbye, Please, Thank you very much,Russian,Vocabulary,Easy,Politeness
How would you say I want to sleep in Russian?, У меня есть жажда, Я голоден, Хочу спать, Я счастлив, Хочу спать,Russian,Vocabulary,Easy,Actions
What is the Russian word for summer?, Осень, Зима, Лето, Весна, Лето,Russian,Vocabulary,Easy,Seasons
Translate book into Russian., Книга, Подушка, Кошка, Стол, Книга,Russian,Vocabulary,Easy,Objects
What is the Russian word for money?, Счастье, Деньги, Здоровье, Любовь, Деньги,Russian,Vocabulary,Easy,Finance
Translate bird into Russian., Рыба, Собака, Птица, Кошка, Птица,Russian,Vocabulary,Easy,Animals
How do you say city in Russian?, Деревня, Город, Дом, Поле, Город,Russian,Vocabulary,Easy,Places
What does ты говоришь по-русски? mean in English?, Do you speak English?, Do you speak Russian?, How are you?, Thank you, Do you speak Russian?,Russian,Vocabulary,Easy,Language
Translate morning into Russian., Утро, День, Вечер, Ночь, Утро,Russian,Vocabulary,Easy,Time
What is the Russian word for cat?, Собака, Кошка, Птица, Лошадь, Кошка,Russian,Vocabulary,Easy,Animals
Translate dog into Russian., Кошка, Собака, Птица, Лошадь, Собака,Russian,Vocabulary,Easy,Animals
What is the Russian word for city?, Деревня, Город, Страна, Дом, Город,Russian,Vocabulary,Easy,Places
Translate car into Russian., Самолет, Поезд, Автомобиль, Корабль, Автомобиль,Russian,Vocabulary,Easy,Objects
What is the Russian word for color?, Книга, Цвет, Стол, Часы, Цвет,Russian,Vocabulary,Easy,Attributes
What does бессмысленный mean in English?, Meaningless, Sensible, Exciting, Joyful, Meaningless,Russian,Vocabulary,Easy,Adjectives
Translate achievement into Russian., Достижение, Победа, Успех, Прогресс, Достижение,Russian,Vocabulary,Easy,Success
What is the Russian word for disappointed?, Разочарованный, Завидующий, Довольный, Обаятельный, Разочарованный,Russian,Vocabulary,Easy,Emotions
Translate misunderstanding into Russian., Недопонимание, Конфликт, Раздор, Возражение, Недопонимание,Russian,Vocabulary,Easy,Communication
What does кропотливый mean in English?, Meticulous, Lazy, Careless, Happy, Meticulous,Russian,Vocabulary,Easy,Adjectives
Translate discipline into Russian., Дисциплина, Отпуск, Ответ, Отпор, Дисциплина,Russian,Vocabulary,Easy,Characteristics
What is the Russian word for innovation?, Инновация, Потрясение, Нарушение, Осуществление, Инновация,Russian,Vocabulary,Easy,Actions
Translate to analyze into Russian., Анализировать, Понимать, Объяснять, Доказывать, Анализировать,Russian,Vocabulary,Easy,Actions
What does беспокойство mean in English?, Anxiety, Happiness, Serenity, Courage, Anxiety,Russian,Vocabulary,Easy,Emotions
Translate loneliness into Russian., Одиночество, Дружба, Любовь, Счастье, Одиночество,Russian,Vocabulary,Easy,Emotions
What is the Russian word for perseverance?, Упорство, Склонность, Отрицание, Подтверждение, Упорство,Russian,Vocabulary,Easy,Attributes
Translate procrastination into Russian., Прокрастинация, Победа, Подвиг, Помощь, Прокрастинация,Russian,Vocabulary,Easy,Negative
What does жаждущий mean in English?, Thirsty, Hungry, Tired, Curious, Thirsty,Russian,Vocabulary,Easy,Adjectives
Translate capability into Russian., Возможность, Вероятность, Согласие, Ответ, Возможность,Russian,Vocabulary,Easy,Attributes
What is the Russian word for vocabulary?, Словарный запас, Грамматика, Сочинение, Чтение, Словарный запас,Russian,Vocabulary,Easy,Education
Translate to confront into Russian., Противостоять, Осуждать, Поддерживать, Преувеличивать, Противостоять,Russian,Vocabulary,Easy,Actions
What does независимость mean in English?, Independence, Interdependence, Dependence, Freedom, Independence,Russian,Vocabulary,Easy,Attributes
Translate courtesy into Russian., Вежливость, Доброта, Благодарность, Любовь, Вежливость,Russian,Vocabulary,Easy,Virtues
What is the Russian word for opportunity?, Возможность, Вероятность, Способность, Причина, Возможность,Russian,Vocabulary,Easy,Concepts
Translate to distinguish into Russian., Различать, Выделять, Отделять, Сравнивать, Различать,Russian,Vocabulary,Easy,Actions
What does последовательность mean in English?, Sequence, Series, Pattern, Sum, Sequence,Russian,Vocabulary,Easy,Concepts
Translate ambitious into Russian., Амбициозный, Спокойный, Дружелюбный, Счастливый, Амбициозный,Russian,Vocabulary,Easy,Characteristics
What is the Russian word for achievement?, Достижение, Проигрыш, Успех, Потеря, Достижение,Russian,Vocabulary,Easy,Success
Translate perseverance into Russian., Упорство, Трудолюбие, Интерес, Благородство, Упорство,Russian,Vocabulary,Easy,Attributes
What does умение mean in English?, Skill, Luck, Beauty, Hope, Skill,Russian,Vocabulary,Easy,Skills
Translate capability into Russian., Способность, Готовность, Понимание, Обсуждение, Способность,Russian,Vocabulary,Easy,Abilities
What is the Russian word for creativity?, Творчество, Разрушение, Удовлетворение, Ответ, Творчество,Russian,Vocabulary,Easy,Traits
Translate to assess into Russian., Оценивать, Сохранять, Подниматься, Внимать, Оценивать,Russian,Vocabulary,Easy,Actions
What does загадка mean in English?, Riddle, Mystery, Clue, Solution, Riddle,Russian,Vocabulary,Easy,Concepts
Translate criticism into Russian., Критика, Радость, Торжество, Признание, Критика,Russian,Vocabulary,Easy,Actions
What is the Russian word for intuition?, Интуиция, Логика, Разум, Чувства, Интуиция,Russian,Vocabulary,Easy,Abilities
Translate consciousness into Russian., Сознание, Бессознательность, Глупость, Расслабленность, Сознание,Russian,Vocabulary,Easy,State
What does поддержка mean in English?, Support, Challenge, Disagreement, Neglect, Support,Russian,Vocabulary,Easy,Support
Translate success into Russian., Успех, Провал, Победа, Невезение, Успех,Russian,Vocabulary,Easy,Achievement
What is the Russian word for decision?, Решение, Проблема, Вопрос, Ответ, Решение,Russian,Vocabulary,Easy,Choice
Translate inspiration into Russian., Вдохновение, Уныние, Печаль, Злость, Вдохновение,Russian,Vocabulary,Easy,Motivation
What does творческий mean in English?, Creative, Destructive, Conservative, Simple, Creative,Russian,Vocabulary,Easy,Traits
Translate goal into Russian., Цель, Мечта, Победа, Надежда, Цель,Russian,Vocabulary,Easy,Objective
What is the Russian word for emotion?, Эмоция, Логика, Действие, Реакция, Эмоция,Russian,Vocabulary,Easy,Feelings
Translate stability into Russian., Стабильность, Движение, Нестабильность, Процесс, Стабильность,Russian,Vocabulary,Easy,State
What does уверенность mean in English?, Confidence, Doubt, Fear, Hesitation, Confidence,Russian,Vocabulary,Easy,Confidence
Translate productivity into Russian., Продуктивность, Результативность, Эффективность, Трудолюбие, Продуктивность,Russian,Vocabulary,Easy,Action
What is the Russian word for strategy?, Стратегия, План, Тактика, Победа, Стратегия,Russian,Vocabulary,Easy,Plan
Translate procrastination into Russian., Прокрастинация, Целеустремленность, Рассеянность, Активность, Прокрастинация,Russian,Vocabulary,Easy,Negative
What does забота mean in English?, Care, Neglect, Joy, Trouble, Care,Russian,Vocabulary,Easy,Care
Translate to analyze into Russian., Анализировать, Понимать, Объяснять, Доказывать, Анализировать,Russian,Vocabulary,Easy,Actions
What is the Russian word for vocabulary?, Словарь, Лексикон, Язык, Речь, Лексикон,Russian,Vocabulary,Easy,Education
Translate to confront into Russian., Противостоять, Отказывать, Принимать, Поддерживать, Противостоять,Russian,Vocabulary,Easy,Actions
What is the Russian word for decision?, Решение, Ответ, Проблема, Выбор, Решение,Russian,Vocabulary,Easy,Choice
Translate to inspire into Russian., Вдохновлять, Огорчать, Утешать, Учить, Вдохновлять,Russian,Vocabulary,Easy,Motivation
What does сознание mean in English?, Consciousness, Unconsciousness, Awareness, Brain, Consciousness,Russian,Vocabulary,Easy,State of Mind
Translate habit into Russian., Привычка, Способ, Навык, Умение, Привычка,Russian,Vocabulary,Easy,Routine
What is the Russian word for motivation?, Мотивация, Страх, Ответ, Довод, Мотивация,Russian,Vocabulary,Easy,Drive
Translate courage into Russian., Смелость, Слабость, Усталость, Жадность, Смелость,Russian,Vocabulary,Easy,Traits
What does сомнение mean in English?, Doubt, Certainty, Conviction, Proof, Doubt,Russian,Vocabulary,Easy,Doubt
Translate genius into Russian., Гений, Дурак, Идиот, Глупец, Гений,Russian,Vocabulary,Easy,Exceptional Ability
What does акрибия mean in English?, Rigor, Laziness, Joy, Wisdom, Rigor,Russian,Vocabulary,Easy,Exactness
Translate imperceptible into Russian., Невидимый, Отчетливый, Явный, Приятный, Невидимый,Russian,Vocabulary,Easy,Attribute
What is the Russian word for dissemination?, Распространение, Задержка, Изолирование, Отказ, Распространение,Russian,Vocabulary,Easy,Spreading
Translate eloquence into Russian., Красноречие, Безграмотность, Разговор, Оружие, Красноречие,Russian,Vocabulary,Easy,Ability to Speak Well
What does деспотический mean in English?, Despotic, Benevolent, Empathetic, Harmonious, Despotic,Russian,Vocabulary,Easy,Despotic
Translate ornament into Russian., Узор, Значок, Медаль, Ремень, Узор,Russian,Vocabulary,Easy,Decoration
What is the Russian word for circumstance?, Обстоятельство, Происшествие, Результат, Задача, Обстоятельство,Russian,Vocabulary,Easy,Situation
Translate concordance into Russian., Согласованность, Разногласие, Напряженность, Аморфность, Согласованность,Russian,Vocabulary,Easy,Concordance
What does легитимный mean in English?, Legitimate, Illegitimate, Legal, Illicit, Legitimate,Russian,Vocabulary,Easy,Legitimate
Translate competence into Russian., Компетенция, Некомпетентность, Власть, Рост, Компетенция,Russian,Vocabulary,Easy,Ability
What is the Russian word for hypothetical?, Гипотетический, Реальный, Ложный, Точный, Гипотетический,Russian,Vocabulary,Easy,Theoretical
Translate reconciliation into Russian., Примирение, Разделение, Подтверждение, Распределение, Примирение,Russian,Vocabulary,Easy,Reconciliation
What does суффикс mean in English?, Suffix, Prefix, Root, Stem, Suffix,Russian,Vocabulary,Easy,Suffix
Translate abstraction into Russian., Абстракция, Конкретность, Практичность, Реальность, Абстракция,Russian,Vocabulary,Easy,Abstract Concept
What is the Russian word for paradox?, Парадокс, Парадигма, Противоречие, Предположение, Парадокс,Russian,Vocabulary,Easy,Paradox
Translate irrational into Russian., Иррациональный, Рациональный, Логический, Продуктивный, Иррациональный,Russian,Vocabulary,Easy,Without Rationality
What does тавро mean in English?, Taurus, Aries, Gemini, Virgo, Taurus,Russian,Vocabulary,Easy,Tauro
Translate polymorphism into Russian., Полиморфизм, Многообразие, Полифония, Политика, Полиморфизм,Russian,Vocabulary,Easy,Polymorphism
What is the Russian word for antagonistic?, Антагонистический, Лояльный, Гуманный, Коллективный, Антагонистический,Russian,Vocabulary,Easy,Opposing
Translate hegemony into Russian., Гегемония, Власть, Честь, Сила, Гегемония,Russian,Vocabulary,Easy,Leadership Influence
What does гипербола mean in English?, Hyperbole, Metaphor, Simile, Alliteration, Hyperbole,Russian,Vocabulary,Easy,Exaggeration
Translate homogeneity into Russian., Гомогенность, Интеграция, Динамика, Эволюция, Гомогенность,Russian,Vocabulary,Easy,Uniformity
What is the Russian word for catastrophe?, Катастрофа, Успех, Победа, Прогресс, Катастрофа,Russian,Vocabulary,Easy,Disaster
Translate nihilism into Russian., Нигилизм, Оптимизм, Успех, Экстаз, Нигилизм,Russian,Vocabulary,Easy,Nihilism
What does интеллигенция mean in English?, Intelligentsia, Intelligence, Intensity, Integrity, Intelligentsia,Russian,Vocabulary,Easy,Intellectuals
Translate pessimism into Russian., Пессимизм, Оптимизм, Уверенность, Спокойствие, Пессимизм,Russian,Vocabulary,Easy,Negative Outlook
What is the Russian word for coalescence?, Слияние, Расхождение, Распад, Отличие, Слияние,Russian,Vocabulary,Easy,Union
Translate archetype into Russian., Архетип, Модель, Оригинал, Прототип, Архетип,Russian,Vocabulary,Easy,Original Model
What does ссылка mean in English?, Reference, Citation, Link, Resource, Reference,Russian,Vocabulary,Easy,Link
Translate manuscript into Russian., Рукопись, Книга, Статья, Печать, Рукопись,Russian,Vocabulary,Easy,Handwritten Text
What is the Russian word for exegesis?, Экзегеза, Толкование, Разбирательство, Интерпретация, Экзегеза,Russian,Vocabulary,Easy,Explanation
Translate esoteric into Russian., Эзотерический, Экзотический, Эффектный, Элегантный, Эзотерический,Russian,Vocabulary,Easy,Secret Knowledge
What does эвритмия mean in English?, Eurythmy, Harmony, Rhythm, Melody, Eurythmy,Russian,Vocabulary,Easy,Eurhythmics
Translate onomatopoeia into Russian., Ономатопея, Имитация, Мимикрия, Ассоциация, Ономатопея,Russian,Vocabulary,Easy,Sound Imitation
What is the Russian word for correlation?, Корреляция, Коллекция, Компиляция, Коалиция, Корреляция,Russian,Vocabulary,Easy,Connection
Translate cyberspace into Russian., Киберпространство, Киберожидание, Киберпресмыкание, Киберреальность, Киберпространство,Russian,Vocabulary,Easy,Digital Space
What does графен mean in English?, Graphene, Graphite, Grass, Granite, Graphene,Russian,Vocabulary,Easy,Graphene
Translate arbitrariness into Russian., Произвол, Правота, Честность, Справедливость, Произвол,Russian,Vocabulary,Easy,Randomness
What is the Russian word for cognitive?, Когнитивный, Сенсорный, Абстрактный, Иллюзорный, Когнитивный,Russian,Vocabulary,Easy,Related to Thinking
Translate ephemeral into Russian., Эфемерный, Постоянный, Истинный, Вечный, Эфемерный,Russian,Vocabulary,Easy,Short-Lived
What does конъюнктура mean in English?, Conjuncture, Conjunction, Circumstance, Connection, Conjuncture,Russian,Vocabulary,Easy,Conjuncture
Translate symbiosis into Russian., Симбиоз, Синтез, Синергия, Формирование, Симбиоз,Russian,Vocabulary,Easy,Mutual Benefit
What is the Russian word for metaphor?, Метафора, Метонимия, Сравнение, Риторика, Метафора,Russian,Vocabulary,Easy,Symbolic Expression
Translate perplexity into Russian., Смущение, Запутанность, Трудность, Решительность, Смущение,Russian,Vocabulary,Easy,Confusion
What does эталон mean in English?, Standard, Model, Ideal, Criterion, Standard,Russian,Vocabulary,Easy,Standard
Translate ubiquitous into Russian., Вездесущий, Отдаленный, Похожий, Повсеместный, Вездесущий,Russian,Vocabulary,Easy,Present Everywhere
What is the Russian word for interpolation?, Интерполяция, Экстраполяция, Компиляция, Категоризация, Интерполяция,Russian,Vocabulary,Easy,Estimation
Translate inextricable into Russian., Неразрешимый, Непреодолимый, Непостижимый, Нетронутый, Неразрешимый,Russian,Vocabulary,Easy,Impossible to Disentangle
What does метаморфоз mean in English?, Metamorphosis, Metaphor, Metaphysics, Metronome, Metamorphosis,Russian,Vocabulary,Easy,Metamorphosis
Translate indefatigable into Russian., Неустанный, Неумолимый, Непоколебимый, Неутомимый, Неустанный,Russian,Vocabulary,Easy,Untiring
What is the Russian word for proliferation?, Размножение, Разрушение, Развитие, Распространение, Размножение,Russian,Vocabulary,Easy,Spread
"What is the French word for ""dog""?", Chat, Chien, Cheval, Poisson, Chien,French,Vocabulary,Easy,Animals
"How do you say ""please"" in French?", Merci, Bonjour, S'il vous plaît, Excusez-moi, S'il vous plaît,French,Vocabulary,Easy,Politeness
"Which of the following means ""goodbye"" in French?", Bonjour, Au revoir, Oui, Non, Au revoir,French,Vocabulary,Easy,Partings
"What does ""merci beaucoup"" mean in English?", Thank you very much, Hello, Goodbye, Please, Thank you very much,French,Vocabulary,Easy,Gratitude
"Translate ""house"" into French.", Chaussure, Maison, Voiture, Café, Maison,French,Vocabulary,Easy,Objects
"How do you say ""red"" in French?", Rouge, Vert, Bleu, Jaune, Rouge,French,Vocabulary,Easy,Colors
"What is the French word for ""apple""?", Orange, Banane, Pomme, Fraise, Pomme,French,Vocabulary,Easy,Food
"How would you say ""I love you"" in French?", Je m'appelle, Je t'aime, Bonjour, Comment ça va, Je t'aime,French,Vocabulary,Easy,Emotions
"Translate ""table"" into French.", Chaise, Lit, Table, Bureau, Table,French,Vocabulary,Easy,Furniture
"How do you say ""book"" in French?", Baguette, Carnet, Livre, Chat, Livre,French,Vocabulary,Easy,Objects
"What is the French word for ""thank you""?", Excusez-moi, Bien sûr, Merci, Pardon, Merci,French,Vocabulary,Easy,Gratitude
"Translate ""Monday"" into French.", Mardi, Lundi, Dimanche, Jeudi, Lundi,French,Vocabulary,Easy,Days of the Week
"How do you say ""today"" in French?", Hier, Demain, Aujourd'hui, Maintenant, Aujourd'hui,French,Vocabulary,Easy,Time
"What does ""excusez-moi"" mean in English?", Thank you, Excuse me, Yes, No, Excuse me,French,Vocabulary,Easy,Politeness
"Translate ""yellow"" into French.", Bleu, Jaune, Violet, Marron, Jaune,French,Vocabulary,Easy,Colors
"What is the French word for ""car""?", Vélo, Voiture, Avion, Train, Voiture,French,Vocabulary,Easy,Transport
"Translate ""window"" into French.", Porte, Mur, Fenêtre, Plancher, Fenêtre,French,Vocabulary,Easy,Objects
"How would you say ""I am hungry"" in French?", Je suis content, J'ai faim, Bonjour, Comment ça va, J'ai faim,French,Vocabulary,Easy,Feelings
"What is the French word for ""milk""?", Jus d'orange, Café, Eau, Lait, Lait,French,Vocabulary,Easy,Food
"Translate ""tree"" into French.", Plage, Fleurs, Maison, Arbre, Arbre,French,Vocabulary,Easy,Plants
"What is the French word for ""bread""?", Fromage, Pain, Pomme, Jus d'orange, Pain,French,Vocabulary,Easy,Food
"How do you say ""excuse me"" in French?", Merci, Bonjour, Excusez-moi, S'il vous plaît, Excusez-moi,French,Vocabulary,Easy,Politeness
"Which of the following means ""where is the bathroom?"" in French?", Où est la salle de bains ?, Comment ça va ?, C'est combien ?, Je m'appelle, Où est la salle de bains ?,French,Vocabulary,Easy,Location
"Translate ""green"" into French.", Rouge, Vert, Bleu, Jaune, Vert,French,Vocabulary,Easy,Colors
"What is the French word for ""teacher""?", Médecin, Professeur, Policier, Étudiant, Professeur,French,Vocabulary,Easy,Profession
"How would you say ""I don't understand"" in French?", J'adore ça, Je ne comprends pas, Bonjour, Comment ça va, Je ne comprends pas,French,Vocabulary,Easy,Communication
"Translate ""window"" into French.", Porte, Mur, Fenêtre, Plancher, Fenêtre,French,Vocabulary,Easy,Objects
"What does ""merci"" mean in English?", Hello, Thank you, Goodbye, Please, Thank you,French,Vocabulary,Easy,Gratitude
"How do you say ""five"" in French?", Trois, Cinq, Sept, Dix, Cinq,French,Vocabulary,Easy,Numbers
"What is the French word for ""train""?", Voiture, Train, Avion, Bateau, Train,French,Vocabulary,Easy,Transport
"Translate ""orange"" into French.", Jaune, Orange, Bleu, Vert, Orange,French,Vocabulary,Easy,Colors
"How would you say ""I am happy"" in French?", Je suis content, J'ai faim, Bonjour, Comment ça va, Je suis content,French,Vocabulary,Easy,Feelings
"What is the French word for ""watermelon""?", Pastèque, Pomme, Fraise, Cerise, Pastèque,French,Vocabulary,Easy,Food
"Translate ""Saturday"" into French.", Lundi, Samedi, Vendredi, Dimanche, Samedi,French,Vocabulary,Easy,Days of the Week
"How do you say ""book"" in French?", Sac, Carnet, Livre, Chat, Livre,French,Vocabulary,Easy,Objects
"What does ""bonsoir"" mean in English?", Good night, Good morning, Good afternoon, Goodbye, Good night,French,Vocabulary,Easy,Greetings
"Translate ""umbrella"" into French.", Lunettes de soleil, Écharpe, Parapluie, Chapeau, Parapluie,French,Vocabulary,Easy,Objects
"What is the French word for ""to eat""?", Boire, Manger, Dormir, Parler, Manger,French,Vocabulary,Easy,Actions
"Translate ""table"" into French.", Chaise, Lit, Table, Bureau, Table,French,Vocabulary,Easy,Furniture
"How would you say ""I need help"" in French?", J'aime danser, J'ai besoin d'aide, Merci beaucoup, Comment ça va, J'ai besoin d'aide,French,Vocabulary,Easy,Assistance
"What is the French word for ""banana""?", Fraise, Orange, Banane, Pomme, Banane,French,Vocabulary,Easy,Food
"How do you say ""hello"" in French?", Bonjour, Bonsoir, Au revoir, Merci, Bonjour,French,Vocabulary,Easy,Greetings
"Which of the following means ""how are you?"" in French?", Comment ça va ?, Quel âge as-tu ?, Quel est ton nom ?, Où habites-tu ?, Comment ça va ?,French,Vocabulary,Easy,Greetings
"Translate ""cat"" into French.", Chien, Chat, Oiseau, Poisson, Chat,French,Vocabulary,Easy,Animals
"What is the French word for ""mother""?", Père, Sœur, Mère, Frère, Mère,French,Vocabulary,Easy,Family
"How would you say ""my name is..."" in French?", Comment ça va, Je t'aime, Je m'appelle..., Où est la gare, Je m'appelle...,French,Vocabulary,Easy,Introduction
"Translate ""sun"" into French.", Pluie, Soleil, Neige, Vent, Soleil,French,Vocabulary,Easy,Nature
"What does ""au revoir"" mean in English?", Hello, Goodbye, Please, Thank you, Goodbye,French,Vocabulary,Easy,Partings
"How do you say ""three"" in French?", Cinq, Deux, Trois, Quatre, Trois,French,Vocabulary,Easy,Numbers
"What is the French word for ""father""?", Mère, Sœur, Père, Frère, Père,French,Vocabulary,Easy,Family
"Translate ""bike"" into French.", Moto, Voiture, Vélo, Bus, Vélo,French,Vocabulary,Easy,Transport
"How would you say ""I am tired"" in French?", Je suis heureux, Je suis fatigué, Bonjour, Comment ça va, Je suis fatigué,French,Vocabulary,Easy,Feelings
"What is the French word for ""sister""?", Frère, Sœur, Oncle, Tante, Sœur,French,Vocabulary,Easy,Family
"Translate ""table"" into French.", Chaise, Table, Bureau, Lit, Table,French,Vocabulary,Easy,Furniture
"How do you say ""good night"" in French?", Bonjour, Merci, Bonne nuit, Au revoir, Bonne nuit,French,Vocabulary,Easy,Partings
"What does ""s'il vous plaît"" mean in English?", Thank you, Excuse me, Please, Yes, Please,French,Vocabulary,Easy,Politeness
"Translate ""apple"" into French.", Fraise, Pomme, Banane, Orange, Pomme,French,Vocabulary,Easy,Food
"What is the French word for ""bird""?", Chien, Oiseau, Chat, Cheval, Oiseau,French,Vocabulary,Easy,Animals
"Translate ""rain"" into French.", Soleil, Vent, Pluie, Neige, Pluie,French,Vocabulary,Easy,Weather
"How would you say ""I want to learn"" in French?", J'aime nager, J'ai faim, Je veux apprendre, Comment ça va, Je veux apprendre,French,Vocabulary,Easy,Education
Question, Option A, Option B, Option C, Option D, Correct Answer,French,Vocabulary,Easy,Clothing
"What is the French word for ""shoes""?", Chapeau, Robe, Chaussures, Chemise, Chaussures,French,Vocabulary,Easy,Politeness
"How do you say ""thank you"" in French?", S'il vous plaît, Bonjour, Merci, Excusez-moi, Merci,French,Vocabulary,Easy,Language
"Which of the following means ""I don't speak French"" in French?", Je ne comprends pas le français, Parlez-vous français ?, Comment ça va ?, Où est la bibliothèque?, Je ne comprends pas le français,French,Vocabulary,Easy,Animals
"Translate ""dog"" into French.", Chat, Chien, Souris, Lapin, Chien,French,Vocabulary,Easy,Animals
"What is the French word for ""cow""?", Poulet, Vache, Cheval, Cochon, Vache,French,Vocabulary,Easy,Greetings
"How would you say ""good afternoon"" in French?", Bonsoir, Bonne nuit, Bonjour, Bon appétit, Bonjour,French,Vocabulary,Easy,Clothing
"Translate ""hat"" into French.", Chapeau, Écharpe, Gants, Lunettes de soleil, Chapeau,French,Vocabulary,Easy,Expressions
"What does ""bonne chance"" mean in English?", Good luck, Good morning, Goodbye, Thank you, Good luck,French,Vocabulary,Easy,Numbers
"How do you say ""seven"" in French?", Dix, Six, Cinq, Sept, Sept,French,Vocabulary,Easy,Education
"What is the French word for ""school""?", Maison, Bureau, École, Hôpital, École,French,Vocabulary,Easy,Animals
"Translate ""horse"" into French.", Chien, Chat, Cheval, Oiseau, Cheval,French,Vocabulary,Easy,Feelings
"How would you say ""I am thirsty"" in French?", J'ai soif, J'ai faim, Bonjour, Comment ça va, J'ai soif,French,Vocabulary,Easy,Family
"What is the French word for ""uncle""?", Mère, Sœur, Père, Oncle, Oncle,French,Vocabulary,Easy,Objects
"Translate ""window"" into French.", Porte, Mur, Fenêtre, Toit, Fenêtre,French,Vocabulary,Easy,Greetings
"How do you say ""good evening"" in French?", Bonjour, Bonsoir, Bonne nuit, Au revoir, Bonsoir,French,Vocabulary,Easy,Politeness
"What does ""excusez-moi"" mean in English?", Thank you, Excuse me, Yes, No, Excuse me,French,Vocabulary,Easy,Objects
"Translate ""pencil"" into French.", Crayon, Stylo, Gomme, Cahier, Crayon,French,Vocabulary,Easy,Animals
"What is the French word for ""fish""?", Chien, Chat, Poisson, Oiseau, Poisson,French,Vocabulary,Easy,Plants
"Translate ""flower"" into French.", Arbre, Fleur, Plante, Herbe, Fleur,French,Vocabulary,Easy,Activities
"How would you say ""I like to travel"" in French?", J'aime lire, J'aime voyager, Merci beaucoup, Comment ça va, J'aime voyager,French,Vocabulary,Easy,Family
Question, Option A, Option B, Option C, Option D, Correct Answer,French,Vocabulary,Easy,Numbers
"What is the French word for ""sister""?", Frère, Sœur, Mère, Père, Sœur,French,Vocabulary,Easy,Language
"How do you say ""one"" in French?", Deux, Trois, Quatre, Un, Un,French,Vocabulary,Easy,Clothing
"Which of the following means ""what's your name?"" in French?", Comment t'appelles-tu ?, Où habites-tu ?, Quel âge as-tu ?, Comment vas-tu ?, Comment t'appelles-tu ?,French,Vocabulary,Easy,Family
"Translate ""hat"" into French.", Robe, Chapeau, Chaussures, Jupe, Chapeau,French,Vocabulary,Easy,Politeness
"What is the French word for ""grandmother""?", Grand-père, Mère, Grand-mère, Père, Grand-mère,French,Vocabulary,Easy,Furniture
"How would you say ""excuse me"" in French?", Bonjour, S'il vous plaît, Excusez-moi, Merci, Excusez-moi,French,Vocabulary,Easy,Politeness
"Translate ""table"" into French.", Chaise, Lit, Table, Bureau, Table,French,Vocabulary,Easy,Numbers
"What does ""merci beaucoup"" mean in English?", Thank you very much, Hello, Goodbye, Please, Thank you very much,French,Vocabulary,Easy,Family
"How do you say ""two"" in French?", Un, Deux, Trois, Quatre, Deux,French,Vocabulary,Easy,Transport
"What is the French word for ""aunt""?", Mère, Tante, Père, Sœur, Tante,French,Vocabulary,Easy,Feelings
"Translate ""bus"" into French.", Train, Avion, Bus, Voiture, Bus,French,Vocabulary,Easy,Family
"How would you say ""I am cold"" in French?", Je suis fatigué, J'ai froid, Bonjour, Comment ça va, J'ai froid,French,Vocabulary,Easy,Furniture
"What is the French word for ""cousin""?", Frère, Sœur, Père, Cousin, Cousin,French,Vocabulary,Easy,Partings
"Translate ""bed"" into French.", Chaise, Lit, Bureau, Placard, Lit,French,Vocabulary,Easy,Expressions
"How do you say ""goodbye"" in French?", Bonjour, Merci, Au revoir, S'il vous plaît, Au revoir,French,Vocabulary,Easy,Food
"What does ""bon appétit"" mean in English?", Good night, Good morning, Goodbye, Enjoy your meal, Enjoy your meal,French,Vocabulary,Easy,Animals
"Translate ""juice"" into French.", Eau, Jus d'orange, Lait, Thé, Jus d'orange,French,Vocabulary,Easy,Objects
"What is the French word for ""rabbit""?", Oiseau, Lapin, Chien, Chat, Lapin,French,Vocabulary,Easy,Food
"Translate ""book"" into French.", Carnet, Livre, Stylo, Crayon, Livre,French,Vocabulary,Easy,Actions
"How would you say ""I want to eat"" in French?", J'ai faim, J'ai soif, Je veux dormir, Comment ça va, J'ai faim,French,Vocabulary,Easy,Attributes
"What is the Dutch word for ""to accomplish""?", Volbrengen, Bereiken, Voltooien, Slagen, Volbrengen,Dutch,Vocabulary,Easy,Attributes
"Translate ""resilience"" into Dutch.", Veerkracht, Flexibiliteit, Incasseringsvermogen, Doorzettingsvermogen, Veerkracht,Dutch,Vocabulary,Easy,Emotions
"What does ""verantwoordelijkheid"" mean in English?", Responsibility, Respect, Reliability, Authority, Responsibility,Dutch,Vocabulary,Easy,Emotions
"Translate ""forgiveness"" into Dutch.", Vergeving, Genade, Spijt, Wraak, Vergeving,Dutch,Vocabulary,Easy,Attributes
"What is the Dutch word for ""compassion""?", Mededogen, Medelijden, Empathie, Liefdadigheid, Mededogen,Dutch,Vocabulary,Easy,Characteristics
"Translate ""perseverance"" into Dutch.", Doorzettingsvermogen, Geduld, Veerkracht, Uithoudingsvermogen, Doorzettingsvermogen,Dutch,Vocabulary,Easy,Characteristics
"What does ""grondig"" mean in English?", Thorough, Superficial, Rough, Quick, Thorough,Dutch,Vocabulary,Easy,Attributes
"Translate ""ambitious"" into Dutch.", Ambitieus, Gedreven, Hoogmoedig, Onverschillig, Ambitieus,Dutch,Vocabulary,Easy,Actions
"What is the Dutch word for ""integrity""?", Integriteit, Eerlijkheid, Ethisch, Betrouwbaarheid, Integriteit,Dutch,Vocabulary,Easy,Traits
"Translate ""to innovate"" into Dutch.", Innoveren, Vernieuwen, Creëren, Verbeteren, Innoveren,Dutch,Vocabulary,Easy,Actions
"What does ""vrijgevigheid"" mean in English?", Generosity, Kindness, Abundance, Charity, Generosity,Dutch,Vocabulary,Easy,Attributes
"Translate ""to succeed"" into Dutch.", Slagen, Succes behalen, Bereiken, Winnen, Slagen,Dutch,Vocabulary,Easy,Concepts
"What is the Dutch word for ""determination""?", Vastberadenheid, Toewijding, Doelgerichtheid, Discipline, Vastberadenheid,Dutch,Vocabulary,Easy,Traits
"Translate ""perspective"" into Dutch.", Perspectief, Standpunt, Visie, Kijk, Perspectief,Dutch,Vocabulary,Easy,Attributes
"What does ""moed"" mean in English?", Courage, Fear, Cowardice, Bravery, Courage,Dutch,Vocabulary,Easy,Attributes
"Translate ""wisdom"" into Dutch.", Wijsheid, Kennis, Inzicht, Eruditie, Wijsheid,Dutch,Vocabulary,Easy,Obstacles
"What is the Dutch word for ""persistence""?", Volharding, Standvastigheid, Doorzettingsvermogen, Insistentie, Volharding,Dutch,Vocabulary,Easy,Attitude
"Translate ""challenge"" into Dutch.", Uitdaging, Probleem, Test, Doel, Uitdaging,Dutch,Vocabulary,Easy,Characteristics
"What does ""optimisme"" mean in English?", Optimism, Pessimism, Realism, Hope, Optimism,Dutch,Vocabulary,Easy,Success
"Translate ""discipline"" into Dutch.", Discipline, Orde, Regels, Hard werken, Discipline,Dutch,Vocabulary,Easy,Attributes
"What is the Dutch word for ""achievement""?", Prestatie, Succes, Overwinning, Resultaat, Prestatie,Dutch,Vocabulary,Easy,Emotions
"Translate ""resilience"" into Dutch.", Veerkracht, Weerbaarheid, Flexibiliteit, Hartheid, Veerkracht,Dutch,Vocabulary,Easy,Emotions
"What does ""begrip"" mean in English?", Understanding, Ignorance, Misunderstanding, Confusion, Understanding,Dutch,Vocabulary,Easy,Emotions
"Translate ""gratitude"" into Dutch.", Dankbaarheid, Erkenning, Waardering, Loyaliteit, Dankbaarheid,Dutch,Vocabulary,Easy,Actions
"What is the Dutch word for ""compassion""?", Mededogen, Liefde, Genade, Empathie, Mededogen,Dutch,Vocabulary,Easy,Attributes
"Translate ""to lead"" into Dutch.", Leiden, Volgen, Sturen, Gaan, Leiden,Dutch,Vocabulary,Easy,Emotions
"What does ""volharding"" mean in English?", Perseverance, Patience, Endurance, Determination, Perseverance,Dutch,Vocabulary,Easy,Attributes
"Translate ""passion"" into Dutch.", Passie, Liefde, Verlangen, Hartstocht, Passie,Dutch,Vocabulary,Easy,Attributes
"What is the Dutch word for ""commitment""?", Toewijding, Engagement, Inzet, Betrokkenheid, Toewijding,Dutch,Vocabulary,Easy,Traits
"Translate ""persistence"" into Dutch.", Volharding, Doorzettingsvermogen, Standvastigheid, Vastberadenheid, Volharding,Dutch,Vocabulary,Easy,Characteristics
"What does ""inzicht"" mean in English?", Insight, Oversight, Hindsight, Foresight, Insight,Dutch,Vocabulary,Easy,Attributes
"Translate ""bravery"" into Dutch.", Dapperheid, Moed, Sterkte, Kracht, Dapperheid,Dutch,Vocabulary,Easy,Emotions
"What is the Dutch word for ""dedication""?", Toewijding, Inzet, Toewijding, Vastberadenheid, Toewijding,Dutch,Vocabulary,Easy,Traits
"Translate ""passion"" into Dutch.", Passie, Inzet, Devotie, Hartstocht, Passie,Dutch,Vocabulary,Easy,Attributes
"What does ""verdraagzaamheid"" mean in English?", Tolerance, Intolerance, Respect, Acceptance, Tolerance,Dutch,Vocabulary,Easy,Attributes
"Translate ""wisdom"" into Dutch.", Wijsheid, Kennis, Eruditie, Inzicht, Wijsheid,Dutch,Vocabulary,Easy,Emotions
"What is the Dutch word for ""understanding""?", Begrip, Kennis, Vaardigheid, Inzicht, Begrip,Dutch,Vocabulary,Easy,Challenge
"Translate ""inspiration"" into Dutch.", Inspiratie, Idee, Creativiteit, Motivatie, Inspiratie,Dutch,Vocabulary,Easy,Actions
"What does ""uitdaging"" mean in English?", Challenge, Difficulty, Problem, Obstacle, Challenge,Dutch,Vocabulary,Easy,Attributes
"Translate ""to achieve"" into Dutch.", Bereiken, Behalen, Realiseren, Voltooien, Bereiken,Dutch,Vocabulary,Easy,Attributes
"What is the Dutch word for ""bravery""?", Dapperheid, Sterkte, Moed, Kracht, Dapperheid,Dutch,Vocabulary,Easy,Attributes
"Translate ""determination"" into Dutch.", Vastberadenheid, Besluitvaardigheid, Doelgerichtheid, Standvastigheid, Vastberadenheid,Dutch,Vocabulary,Easy,Attributes
"What does ""verantwoordelijkheid"" mean in English?", Responsibility, Accountability, Duty, Obligation, Responsibility,Dutch,Vocabulary,Easy,Actions
"Translate ""resilience"" into Dutch.", Veerkracht, Standvastigheid, Weerbaarheid, Doorzettingsvermogen, Veerkracht,Dutch,Vocabulary,Easy,Actions
"What is the Dutch word for ""compromise""?", compromis, overeenkomst, schikking, akkoord, compromis,Dutch,Vocabulary,Easy,Emotions
"Translate ""to empower"" into Dutch.", machtigen, versterken, bekrachtigen, autoriseren, versterken,Dutch,Vocabulary,Easy,Actions
"What does ""bevlogenheid"" mean in English?", Enthusiasm, Exhaustion, Apathy, Indifference, Enthusiasm,Dutch,Vocabulary,Easy,Attributes
"Translate ""to accomplish"" into Dutch.", Volbrengen, Verwezenlijken, Uitvoeren, Afmaken, Volbrengen,Dutch,Vocabulary,Easy,Attributes
"What is the Dutch word for ""dedication""?", Toewijding, Inzet, Toewijding, Vastberadenheid, Toewijding,Dutch,Vocabulary,Easy,Attributes
"Translate ""commitment"" into Dutch.", Toewijding, Engagement, Betrokkenheid, Verplichting, Toewijding,Dutch,Vocabulary,Easy,Attributes
"What is the Dutch word for ""excellence""?", Uitmuntendheid, Voortreffelijkheid, Excellentie, Superieuriteit, Uitmuntendheid,Dutch,Vocabulary,Easy,Characteristics
"Translate ""efficacy"" into Dutch.", Doeltreffendheid, Effectiviteit, Efficiëntie, Werkzaamheid, Doeltreffendheid,Dutch,Vocabulary,Easy,Actions
"What does ""gewetensvol"" mean in English?", Conscientious, Careless, Unreliable, Lazy, Conscientious,Dutch,Vocabulary,Easy,Attributes
"Translate ""to persevere"" into Dutch.", Volharden, Standhouden, Doorzetten, Volhouden, Volharden,Dutch,Vocabulary,Easy,Attributes
"What is the Dutch word for ""authenticity""?", Authenticiteit, Echtheid, Oorspronkelijkheid, Betrouwbaarheid, Authenticiteit,Dutch,Vocabulary,Easy,Attributes
"Translate ""resilience"" into Dutch.", Weerbaarheid, Veerkracht, Standvastigheid, Onbuigzaamheid, Veerkracht,Dutch,Vocabulary,Easy,Actions
"What does ""standvastigheid"" mean in English?", Steadfastness, Flexibility, Inconstancy, Impulsiveness, Steadfastness,Dutch,Vocabulary,Easy,Attributes
"Translate ""to transcend"" into Dutch.", Overstijgen, Zich onderscheiden, Voorbijgaan, Verleggen, Overstijgen,Dutch,Vocabulary,Easy,Attributes
"What is the Dutch word for ""competence""?", Bekwaamheid, Vaardigheid, Geschiktheid, Capabelheid, Bekwaamheid,Dutch,Vocabulary,Easy,Attributes
"Translate ""fortitude"" into Dutch.", Standvastigheid, Moed, Weerbaarheid, Vastberadenheid, Moed,Dutch,Vocabulary,Easy,Attributes
"What does ""moedig"" mean in English?", Brave, Afraid, Cowardly, Fearful, Brave,Dutch,Vocabulary,Easy,Traits
"Translate ""to innovate"" into Dutch.", Innoveren, Vernieuwen, Creëren, Veranderen, Innoveren,Dutch,Vocabulary,Easy,Actions
"What is the Dutch word for ""perseverance""?", Volharding, Doorzettingsvermogen, Vastberadenheid, Onverzettelijkheid, Volharding,Dutch,Vocabulary,Easy,Attributes
"Translate ""equanimity"" into Dutch.", Gelijkmoedigheid, Berusting, Vastberadenheid, Onverschilligheid, Gelijkmoedigheid,Dutch,Vocabulary,Easy,Emotions
"What does ""tactvol"" mean in English?", Tactful, Rude, Blunt, Insensitive, Tactful,Dutch,Vocabulary,Easy,Communication
"Translate ""to achieve"" into Dutch.", Bereiken, Behalen, Realiseren, Verwezenlijken, Bereiken,Dutch,Vocabulary,Easy,Actions
"What is the Dutch word for ""integrity""?", Integriteit, Eerlijkheid, Betrouwbaarheid, Onkreukbaarheid, Integriteit,Dutch,Vocabulary,Easy,Attributes
"Translate ""empowerment"" into Dutch.", Machtiging, Versterking, Bevordering, Interpretatie, Versterking,Dutch,Vocabulary,Easy,Actions
"What does ""moed"" mean in English?", Courage, Fear, Cowardice, Timidity, Courage,Dutch,Vocabulary,Easy,Traits
"Translate ""persistence"" into Dutch.", Volharding, Standvastigheid, Onwrikbaarheid, Aanhoudendheid, Volharding,Dutch,Vocabulary,Easy,Attributes
"What is the Dutch word for ""perseverance""?", Doorzettingsvermogen, Vasthoudendheid, Volharding, Standvastigheid, Doorzettingsvermogen,Dutch,Vocabulary,Easy,Attributes
"Translate ""fortitude"" into Dutch.", Moed, Standvastigheid, Dapperheid, Standhaftigheid, Moed,Dutch,Vocabulary,Easy,Emotions
"What does ""gewetensvolheid"" mean in English?", Conscientiousness, Carelessness, Negligence, Sloppiness, Conscientiousness,Dutch,Vocabulary,Easy,Traits
"Translate ""resilience"" into Dutch.", Veerkracht, Weerbaarheid, Standvastigheid, Incasseringsvermogen, Veerkracht,Dutch,Vocabulary,Easy,Attributes
"What is the Dutch word for ""accountability""?", Verantwoordelijkheid, Aansprakelijkheid, Verantwoording, Betrouwbaarheid, Verantwoordelijkheid,Dutch,Vocabulary,Easy,Attributes
"Translate ""individuality"" into Dutch.", Individualiteit, Uniekheid, Persoonlijkheid, Singulariteit, Individualiteit,Dutch,Vocabulary,Easy,Attributes
"What does ""daadkracht"" mean in English?", Determination, Decisiveness, Purposiveness, Initiative, Determination,Dutch,Vocabulary,Easy,Traits
"Translate ""to excel"" into Dutch.", Uitblinken, Overstijgen, Presteer, Uitmuntendheid bereiken, Uitblinken,Dutch,Vocabulary,Easy,Actions
"What is the Dutch word for ""competence""?", Bekwaamheid, Capaciteit, Bekrachtiging, Competentie, Bekwaamheid,Dutch,Vocabulary,Easy,Attributes
"Translate ""accountability"" into Dutch.", Verantwoordelijkheid, Aansprakelijkheid, Responsabiliteit, Inzichtelijkheid, Verantwoordelijkheid,Dutch,Vocabulary,Easy,Attributes
"What does ""zorgvuldigheid"" mean in English?", Carefulness, Sloppiness, Negligence, Carelesslessness, Carefulness,Dutch,Vocabulary,Easy,Traits
"Translate ""virtue"" into Dutch.", Deugd, Tucht, Voortreffelijkheid, Verdienste, Deugd,Dutch,Vocabulary,Easy,Attributes
"What is the Dutch word for ""authenticity""?", Authenticiteit, Oorspronkelijkheid, Betrouwbaarheid, Echtheid, Authenticiteit,Dutch,Vocabulary,Easy,Attributes
"Translate ""accountability"" into Dutch.", Verantwoording, Aansprakelijkheid, Berekenbaarheid, Verantwoordelijkheid, Verantwoordelijkheid,Dutch,Vocabulary,Easy,Attributes
"What does ""volharding"" mean in English?", Perseverance, Persistence, Endurance, Steadfastness, Perseverance,Dutch,Vocabulary,Easy,Attributes
"Translate ""excellence"" into Dutch.", Uitmuntendheid, Voortreffelijkheid, Excellentie, Superieuriteit, Uitmuntendheid,Dutch,Vocabulary,Easy,Attributes
"What is the Dutch word for ""charity""?", Liefdadigheid, Genade, Goedheid, Gulle gave, Liefdadigheid,Dutch,Vocabulary,Easy,Attributes
"Translate ""virtue"" into Dutch.", Deugd, Goedheid, Nobelheid, Kwaliteit, Deugd,Dutch,Vocabulary,Easy,Attributes
"What does ""autonoom"" mean in English?", Autonomous, Dependent, Sovereign, Independent, Autonomous,Dutch,Vocabulary,Easy,Traits
"Translate ""valor"" into Dutch.", Dapperheid, Heldhaftigheid, Strijdvaardigheid, Moed, Dapperheid,Dutch,Vocabulary,Easy,Attributes
"What is the Dutch word for ""altruism""?", Altruïsme, Betrokkenheid, Mededogen, Belangeloosheid, Altruïsme,Dutch,Vocabulary,Easy,Attributes
"Translate ""conscience"" into Dutch.", Geweten, Schuldgevoel, Zonde, Moreel, Geweten,Dutch,Vocabulary,Easy,Attributes
"What does ""verrijking"" mean in English?", Enrichment, Empowerment, Advancement, Improvement, Enrichment,Dutch,Vocabulary,Easy,Emotions
"Translate ""righteousness"" into Dutch.", Rechtvaardigheid, Goedheid, Moraliteit, Zedigheid, Rechtvaardigheid,Dutch,Vocabulary,Easy,Attributes
"What is the Dutch word for ""persistence""?", Volharding, Standvastigheid, Doorzettingsvermogen, Vastberadenheid, Volharding,Dutch,Vocabulary,Easy,Attributes
"Translate ""serenity"" into Dutch.", Sereniteit, Rustigheid, Kalmte, Vrede, Sereniteit,Dutch,Vocabulary,Easy,Emotions
"What does ""verdraagzaamheid"" mean in English?", Tolerance, Acceptance, Patience, Leniency, Tolerance,Dutch,Vocabulary,Easy,Traits
"Translate ""fortitude"" into Dutch.", Standvastigheid, Moed, Weerbaarheid, Vastberadenheid, Moed,Dutch,Vocabulary,Easy,Emotions
"What is the Dutch word for ""responsibility""?", Verantwoordelijkheid, Aansprakelijkheid, Opdracht, Plicht, Verantwoordelijkheid,Dutch,Vocabulary,Easy,Attributes
"Translate ""fortitude"" into Dutch.", Moed, Standvastigheid, Weerbaarheid, Vastberadenheid, Moed,Dutch,Vocabulary,Easy,Emotions
"What is the Dutch word for ""good evening""?", Goedenavond, Hallo, Dag, Goedemiddag, Goedenavond,Dutch,Vocabulary,Easy,Greetings
"Translate ""to travel"" into Dutch.", Reizen, Werken, Slapen, Eten, Reizen,Dutch,Vocabulary,Easy,Actions
"How do you say ""I don't understand"" in Dutch?", Ik begrijp het niet, Ik ben moe, Ik heb honger, Ik ben blij, Ik begrijp het niet,Dutch,Vocabulary,Easy,Communication
"What is the Dutch word for ""beautiful""?", Mooi, Leuk, Groot, Snel, Mooi,Dutch,Vocabulary,Easy,Appearance
"Translate ""to study"" into Dutch.", Studeren, Sporten, Slapen, Werken, Studeren,Dutch,Vocabulary,Easy,Actions
"What does ""gelukkig"" mean in English?", Happy, Sad, Angry, Tired, Happy,Dutch,Vocabulary,Easy,Emotions
"What is the Dutch word for ""computer""?", Computer, Telefoon, Auto, Boek, Computer,Dutch,Vocabulary,Easy,Technology
"Translate ""to listen"" into Dutch.", Luisteren, Lezen, Spreken, Schrijven, Luisteren,Dutch,Vocabulary,Easy,Actions
"How would you say ""I need to sleep"" in Dutch?", Ik moet slapen, Ik wil eten, Ik ben blij, Ik heb hulp nodig, Ik moet slapen,Dutch,Vocabulary,Easy,Actions
"What is the Dutch word for ""time""?", Tijd, Dag, Jaar, Maand, Tijd,Dutch,Vocabulary,Easy,Concepts
"Translate ""to buy"" into Dutch.", Kopen, Verkopen, Geven, Ontvangen, Kopen,Dutch,Vocabulary,Easy,Actions
"What does ""aankomst"" mean in English?", Arrival, Departure, Station, Ticket, Arrival,Dutch,Vocabulary,Easy,Travel
"What is the Dutch word for ""language""?", Taal, Land, Stad, Boek, Taal,Dutch,Vocabulary,Easy,Education
"Translate ""airplane"" into Dutch.", Vliegtuig, Trein, Auto, Boot, Vliegtuig,Dutch,Vocabulary,Easy,Transport
"How do you say ""where is the train station?"" in Dutch?", Waar is het treinstation?, Hoe gaat het met jou?, Wat is je naam?, Wanneer gaan we eten?, Waar is het treinstation?,Dutch,Vocabulary,Easy,Travel
"What is the Dutch word for ""to eat""?", Eten, Drinken, Slapen, Lezen, Eten,Dutch,Vocabulary,Easy,Actions
"Translate ""conversation"" into Dutch.", Gesprek, Discussie, Debat, Vraag, Gesprek,Dutch,Vocabulary,Easy,Communication
"What does ""vriendelijk"" mean in English?", Friendly, Angry, Sad, Tired, Friendly,Dutch,Vocabulary,Easy,Traits
"What is the Dutch word for ""city""?", Stad, Dorp, Land, Zee, Stad,Dutch,Vocabulary,Easy,Places
"Translate ""to wait"" into Dutch.", Wachten, Haasten, Haalen, Opzoeken, Wachten,Dutch,Vocabulary,Easy,Actions
"How would you say ""I like it"" in Dutch?", Ik vind het leuk, Ik ben boos, Ik wil eten, Ik ben verdrietig, Ik vind het leuk,Dutch,Vocabulary,Easy,Feelings
"What is the Dutch word for ""to work""?", Werken, Studeren, Sporten, Slapen, Werken,Dutch,Vocabulary,Easy,Actions
"Translate ""holiday"" into Dutch.", Vakantie, Feestdag, Werkdag, School, Vakantie,Dutch,Vocabulary,Easy,Time
"What does ""huisdier"" mean in English?", Pet, Wild animal, Farm animal, Zoo animal, Pet,Dutch,Vocabulary,Easy,Animals
"What is the Dutch word for ""to speak""?", Spreken, Luisteren, Kijken, Lezen, Spreken,Dutch,Vocabulary,Easy,Actions
"Translate ""friendship"" into Dutch.", Vriendschap, Liefde, Haat, Ruzie, Vriendschap,Dutch,Vocabulary,Easy,Relationships
"How do you say ""please"" in Dutch?", Alsjeblieft, Dank je, Sorry, Hallo, Alsjeblieft,Dutch,Vocabulary,Easy,Politeness
"What is the Dutch word for ""to help""?", Helpen, Winnen, Vechten, Verliezen, Helpen,Dutch,Vocabulary,Easy,Actions
"Translate ""street"" into Dutch.", Straat, Weg, Pad, Sloot, Straat,Dutch,Vocabulary,Easy,Places
"What does ""geweldig"" mean in English?", Amazing, Terrible, Ordinary, Boring, Amazing,Dutch,Vocabulary,Easy,Emotions
"What is the Dutch word for ""to listen""?", Luisteren, Kijken, Lezen, Spreken, Luisteren,Dutch,Vocabulary,Easy,Actions
"Translate ""family"" into Dutch.", Familie, Vrienden, Collega's, Buren, Familie,Dutch,Vocabulary,Easy,Relationships
"What does ""vandaag"" mean in English?", Today, Tomorrow, Yesterday, Week, Today,Dutch,Vocabulary,Easy,Time
"What is the Dutch word for ""to travel""?", Reizen, Werken, Slapen, Eten, Reizen,Dutch,Vocabulary,Easy,Actions
"Translate ""bookstore"" into Dutch.", Boekwinkel, Markt, Cafe, Bioscoop, Boekwinkel,Dutch,Vocabulary,Easy,Places
"How would you say ""I am tired"" in Dutch?", Ik ben moe, Ik ben blij, Ik wil eten, Ik ben verdrietig, Ik ben moe,Dutch,Vocabulary,Easy,Feelings
"What is the Dutch word for ""to read""?", Lezen, Schrijven, Luisteren, Spreken, Lezen,Dutch,Vocabulary,Easy,Actions
"Translate ""to dance"" into Dutch.", Dansen, Zingen, Springen, Rennen, Dansen,Dutch,Vocabulary,Easy,Actions
"What does ""zonsopgang"" mean in English?", Sunrise, Sunset, Morning, Evening, Sunrise,Dutch,Vocabulary,Easy,Nature
"What is the Dutch word for ""to drink""?", Drinken, Eten, Slapen, Lezen, Drinken,Dutch,Vocabulary,Easy,Actions
"Translate ""sea"" into Dutch.", Zee, Meer, Rivier, Oceaan, Zee,Dutch,Vocabulary,Easy,Nature
"How do you say ""good night"" in Dutch?", Goedenacht, Goedemorgen, Tot ziens, Hallo, Goedenacht,Dutch,Vocabulary,Easy,Greetings
"What is the Dutch word for ""job""?", Baan, School, Vakantie, Feest, Baan,Dutch,Vocabulary,Easy,Work
"Translate ""hotel"" into Dutch.", Hotel, Restaurant, Bibliotheek, Zwembad, Hotel,Dutch,Vocabulary,Easy,Places
"What does ""gelukkig"" mean in English?", Happy, Sad, Angry, Tired, Happy,Dutch,Vocabulary,Easy,Feelings
"What is the Dutch word for ""watch""?", Horloge, Ring, Armband, Ketting, Horloge,Dutch,Vocabulary,Easy,Objects
"Translate ""summer"" into Dutch.", Zomer, Winter, Lente, Herfst, Zomer,Dutch,Vocabulary,Easy,Seasons
"How would you say ""I need help"" in Dutch?", Ik heb hulp nodig, Ik wil eten, Ik ben verdrietig, Ik ben blij, Ik heb hulp nodig,Dutch,Vocabulary,Easy,Assistance
"What is the Dutch word for ""to run""?", Rennen, Wandelen, Fietsen, Zwemmen, Rennen,Dutch,Vocabulary,Easy,Actions
"Translate ""weather"" into Dutch.", Weer, Wind, Zon, Regen, Weer,Dutch,Vocabulary,Easy,Nature
"What does ""vrolijk"" mean in English?", Happy, Sad, Angry, Tired, Happy,Dutch,Vocabulary,Easy,Emotions
"What is the Dutch word for ""to play""?", Spelen, Werken, Studeren, Slapen, Spelen,Dutch,Vocabulary,Easy,Actions
"Translate ""apartment"" into Dutch.", Appartement, Huis, Flat, Villa, Appartement,Dutch,Vocabulary,Easy,Places
"How do you say ""please"" in Dutch?", Alsjeblieft, Dank je, Sorry, Hallo, Alsjeblieft,Dutch,Vocabulary,Easy,Politeness
"What is the Dutch word for ""family""?", Familie, Vrienden, Collega's, Buren, Familie,Dutch,Vocabulary,Easy,Relationships
"Translate ""city"" into Dutch.", Stad, Dorp, Land, Zee, Stad,Dutch,Vocabulary,Easy,Places
"What does ""lekker eten"" mean in English?", Delicious food, Bad weather, Fast car, Big house, Delicious food,Dutch,Vocabulary,Easy,Food
"What is the Dutch word for ""summer""?", Zomer, Winter, Herfst, Lente, Zomer,Dutch,Vocabulary,Easy,Seasons
"Translate ""friend"" into Dutch.", Vriend, Familie, Vriendin, Collega, Vriend,Dutch,Vocabulary,Easy,Relationships
"How would you say ""I am happy"" in Dutch?", Ik ben blij, Ik ben verdrietig, Ik ben boos, Ik ben moe, Ik ben blij,Dutch,Vocabulary,Easy,Feelings
"What is the Dutch word for ""dog""?", Hond, Kat, Vogel, Vis, Hond,Dutch,Vocabulary,Easy,Animals
"Translate ""to sing"" into Dutch.", Zingen, Spelen, Dansen, Spreken, Zingen,Dutch,Vocabulary,Easy,Actions
"What does ""huis"" mean in English?", House, Car, Tree, River, House,Dutch,Vocabulary,Easy,Objects
"What is the Dutch word for ""to study""?", Studeren, Werken, Sporten, Slapen, Studeren,Dutch,Vocabulary,Easy,Education
"Translate ""book"" into Dutch.", Boek, Tafel, Stoel, Bank, Boek,Dutch,Vocabulary,Easy,Objects
"What does ""moeder"" mean in English?", Mother, Father, Sister, Brother, Mother,Dutch,Vocabulary,Easy,Family
"What is the Dutch word for ""to eat""?", Eten, Drinken, Slapen, Lezen, Eten,Dutch,Vocabulary,Easy,Actions
"Translate ""school"" into Dutch.", School, Werk, Huis, Markt, School,Dutch,Vocabulary,Easy,Education
"How do you say ""where is the bus stop?"" in Dutch?", Waar is de bushalte?, Hoe gaat het met jou?, Wat is je naam?, Wanneer gaan we eten?, Waar is de bushalte?,Dutch,Vocabulary,Easy,Travel
"What is the Dutch word for ""book""?", Boek, Kaart, Pen, Tijdschrift, Boek,Dutch,Vocabulary,Easy,Objects
"Translate ""water"" into Dutch.", Water, Brood, Melk, Sap, Water,Dutch,Vocabulary,Easy,Elements
"What does ""vriend"" mean in English?", Friend, Brother, Sister, Parent, Friend,Dutch,Vocabulary,Easy,Relationships
"What is the Dutch word for ""to sleep""?", Slapen, Eten, Drinken, Lezen, Slapen,Dutch,Vocabulary,Easy,Actions
"Translate ""to run"" into Dutch.", Rennen, Lopen, Springen, Fietsen, Rennen,Dutch,Vocabulary,Easy,Actions
"What does ""eten"" mean in English?", To eat, To drink, To sleep, To run, To eat,Dutch,Vocabulary,Easy,Food
"What is the Dutch word for ""teacher""?", Leraar, Dokter, Politieagent, Bankier, Leraar,Dutch,Vocabulary,Easy,Profession
"Translate ""sun"" into Dutch.", Zon, Maan, Ster, Aarde, Zon,Dutch,Vocabulary,Easy,Nature
"How would you say ""excuse me"" in Dutch?", Excuseer me, Hallo, Alsjeblieft, Bedankt, Excuseer me,Dutch,Vocabulary,Easy,Politeness
"What is the Dutch word for ""happy""?", Blij, Verdrietig, Boos, Moe, Blij,Dutch,Vocabulary,Easy,Emotions
"Translate ""tree"" into Dutch.", Boom, Huis, Auto, Fiets, Boom,Dutch,Vocabulary,Easy,Nature
"What does ""eten"" mean in English?", To eat, To drink, To sleep, To run, To eat,Dutch,Vocabulary,Easy,Food
"How do you say ""please"" in Dutch?", Alsjeblieft, Dank je, Sorry, Hallo, Alsjeblieft,Dutch,Vocabulary,Easy,Politeness
"What is the Dutch word for ""weekend""?", Weekend, Weekdag, Vakantie, Feestdag, Weekend,Dutch,Vocabulary,Easy,Time
"Translate ""to drink"" into Dutch.", Drinken, Eten, Slapen, Lezen, Drinken,Dutch,Vocabulary,Easy,Actions
"What does ""fiets"" mean in English?", Bicycle, Car, Bus, Train, Bicycle,Dutch,Vocabulary,Easy,Transport
"How would you say ""I need help"" in Dutch?", Ik heb hulp nodig, Ik ben moe, Ik wil eten, Ik ben verdrietig, Ik heb hulp nodig,Dutch,Vocabulary,Easy,Assistance
"What is the Dutch word for ""hello""?", Hallo, Dag, Goedemorgen, Hoi, Hallo,Dutch,Vocabulary,Easy,Greetings
"Translate ""apple"" into Dutch.", Appel, Peer, Banaan, Sinaasappel, Appel,Dutch,Vocabulary,Easy,Food
"How do you say ""yes"" in Dutch?", Ja, Nee, Misschien, Dank je, Ja,Dutch,Vocabulary,Easy,Responses
"What is the Dutch word for ""goodbye""?", Tot ziens, Hallo, Dag, Goedenavond, Tot ziens,Dutch,Vocabulary,Easy,Greetings
"Translate ""book"" into Dutch.", Boek, Tafel, Stoel, Bank, Boek,Dutch,Vocabulary,Easy,Objects
"How would you say ""thank you"" in Dutch?", Dank je, Alsjeblieft, Sorry, Goedemorgen, Dank je,Dutch,Vocabulary,Easy,Politeness
"What is the Dutch word for ""mother""?", Moeder, Vader, Zus, Broer, Moeder,Dutch,Vocabulary,Easy,Family
"Translate ""cat"" into Dutch.", Kat, Hond, Vogel, Vis, Kat,Dutch,Vocabulary,Easy,Animal
"What does ""lekker"" mean in English?", Tasty, Angry, Sad, Happy, Tasty,Dutch,Vocabulary,Easy,Descriptive
"What is the Dutch word for ""house""?", Huis, Auto, Fiets, Boot, Huis,Dutch,Vocabulary,Easy,Home
"Translate ""yes"" into Dutch.", Ja, Nee, Misschien, Dank je, Ja,Dutch,Vocabulary,Easy,Responses
"How do you say ""good morning"" in Dutch?", Goedemorgen, Goedemiddag, Goedenavond, Hallo, Goedemorgen,Dutch,Vocabulary,Easy,Greetings
"What is the Dutch word for ""father""?", Vader, Moeder, Broer, Zus, Vader,Dutch,Vocabulary,Easy,Family
"Translate ""bicycle"" into Dutch.", Fiets, Auto, Bus, Trein, Fiets,Dutch,Vocabulary,Easy,Transport
"How would you say ""please"" in Dutch?", Alsjeblieft, Dank je, Sorry, Goedemorgen, Alsjeblieft,Dutch,Vocabulary,Easy,Politeness
"What is the Dutch word for ""friend""?", Vriend, Vader, Zus, Broer, Vriend,Dutch,Vocabulary,Easy,Relationships
"Translate ""table"" into Dutch.", Tafel, Stoel, Bed, Bank, Tafel,Dutch,Vocabulary,Easy,Objects
"What does ""dank je wel"" mean in English?", Thank you, Please, Sorry, Hello, Thank you,Dutch,Vocabulary,Easy,Politeness
"How do you say ""how are you?"" in Dutch?", Hoe gaat het?, Wat is dat?, Waarom?, Wanneer?, Hoe gaat het?,Dutch,Vocabulary,Easy,Greetings
"What is the Dutch word for ""school""?", School, Werk, Huis, Markt, School,Dutch,Vocabulary,Easy,Education
"Translate ""water"" into Dutch.", Water, Brood, Melk, Sap, Water,Dutch,Vocabulary,Easy,Objects
"How would you say ""I am happy"" in Dutch?", Ik ben blij, Ik ben verdrietig, Ik ben moe, Ik ben boos, Ik ben blij,Dutch,Vocabulary,Easy,Emotions
"What is the Dutch word for ""car""?", Auto, Fiets, Boot, Trein, Auto,Dutch,Vocabulary,Easy,Transport
"Translate ""thank you"" into Dutch.", Dank je, Alsjeblieft, Sorry, Goedemorgen, Dank je,Dutch,Vocabulary,Easy,Politeness
"What does ""eten"" mean in English?", Food, Sleep, Play, Read, Food,Dutch,Vocabulary,Easy,Food
"How do you say ""good night"" in Dutch?", Goedenacht, Goedemorgen, Tot ziens, Hallo, Goedenacht,Dutch,Vocabulary,Easy,Greetings
"What is the Dutch word for ""dog""?", Hond, Kat, Vogel, Vis, Hond,Dutch,Vocabulary,Easy,Animal
"Translate ""morning"" into Dutch.", Ochtend, Middag, Avond, Nacht, Ochtend,Dutch,Vocabulary,Easy,Time
"How would you say ""I want"" in Dutch?", Ik wil, Ik heb, Ik ben, Ik doe, Ik wil,Dutch,Vocabulary,Easy,Desires
"What is the Dutch word for ""orange""?", Oranje, Rood, Geel, Blauw, Oranje,Dutch,Vocabulary,Easy,Colors
"Translate ""book"" into Dutch.", Boek, Tafel, Stoel, Bed, Boek,Dutch,Vocabulary,Easy,Objects
"What does ""goedemiddag"" mean in English?", Good afternoon, Good morning, Good night, Hello, Good afternoon,Dutch,Vocabulary,Easy,Greetings
"How do you say ""where is the bathroom?"" in Dutch?", Waar is de badkamer?, Hoe heet je?, Wat is dat?, Wanneer ben je jarig?, Waar is de badkamer?,Dutch,Vocabulary,Easy,Travel
"What is the Dutch word for ""banana""?", Banaan, Appel, Peer, Sinaasappel, Banaan,Dutch,Vocabulary,Easy,Food
"Translate ""home"" into Dutch.", Thuis, School, Werk, Markt, Thuis,Dutch,Vocabulary,Easy,Place
"What is the Dutch word for ""watermelon""?", Watermeloen, Appel, Peer, Druif, Watermeloen,Dutch,Vocabulary,Easy,Food
"Translate ""train"" into Dutch.", Trein, Bus, Auto, Boot, Trein,Dutch,Vocabulary,Easy,Transport
"How would you say ""I love you"" in Dutch?", Ik hou van jou, Ik ben boos, Ik wil eten, Ik ben verdrietig, Ik hou van jou,Dutch,Vocabulary,Easy,Emotions
"What is the Dutch word for ""bed""?", Bed, Tafel, Stoel, Bank, Bed,Dutch,Vocabulary,Easy,Home
"Translate ""red"" into Dutch.", Rood, Blauw, Geel, Groen, Rood,Dutch,Vocabulary,Easy,Colors
"What does ""lezen"" mean in English?", To read, To write, To listen, To speak, To read,Dutch,Vocabulary,Easy,Actions
"How do you say ""good evening"" in Dutch?", Goedenavond, Goedemiddag, Goedenacht, Hallo, Goedenavond,Dutch,Vocabulary,Easy,Greetings
"What is the Dutch word for ""flower""?", Bloem, Boom, Plant, Gras, Bloem,Dutch,Vocabulary,Easy,Nature
"Translate ""I am hungry"" into Dutch.", Ik heb honger, Ik ben moe, Ik wil slapen, Ik ben verdrietig, Ik heb honger,Dutch,Vocabulary,Easy,Food
"What is the Dutch word for ""sun""?", Zon, Maan, Ster, Aarde, Zon,Dutch,Vocabulary,Easy,Weather
"Translate ""cat"" into Dutch.", Kat, Hond, Vogel, Vis, Kat,Dutch,Vocabulary,Easy,Animal
"How would you say ""excuse me"" in Dutch?", Excuseer me, Hallo, Alsjeblieft, Bedankt, Excuseer me,Dutch,Vocabulary,Easy,Politeness
"What is the Dutch word for ""happy""?", Blij, Verdrietig, Boos, Moe, Blij,Dutch,Vocabulary,Easy,Emotions
"Translate ""tree"" into Dutch.", Boom, Huis, Auto, Fiets, Boom,Dutch,Vocabulary,Easy,Nature
"What does ""eten"" mean in English?", To eat, To drink, To sleep, To run, To eat,Dutch,Vocabulary,Easy,Food
"How do you say ""please"" in Dutch?", Alsjeblieft, Dank je, Sorry, Hallo, Alsjeblieft,Dutch,Vocabulary,Easy,Politeness
"What is the Dutch word for ""weekend""?", Weekend, Weekdag, Vakantie, Feestdag, Weekend,Dutch,Vocabulary,Easy,Time
"Translate ""to drink"" into Dutch.", Drinken, Eten, Slapen, Lezen, Drinken,Dutch,Vocabulary,Easy,Actions
"What does ""fiets"" mean in English?", Bicycle, Car, Bus, Train, Bicycle,Dutch,Vocabulary,Easy,Transport
"How would you say ""I need help"" in Dutch?", Ik heb hulp nodig, Ik ben moe, Ik wil eten, Ik ben verdrietig, Ik heb hulp nodig,Dutch,Vocabulary,Easy,Assistance
"What is the Dutch word for ""teacher""?", Leraar, Dokter, Politieagent, Bankier, Leraar,Dutch,Vocabulary,Easy,Profession
"Translate ""school"" into Dutch.", School, Huis, Markt, Straat, School,Dutch,Vocabulary,Easy,Education
"What is the Dutch word for ""bird""?", Vogel, Kat, Hond, Vis, Vogel,Dutch,Vocabulary,Easy,Animal
"Translate ""to run"" into Dutch.", Rennen, Lopen, Springen, Fietsen, Rennen,Dutch,Vocabulary,Easy,Actions
"How do you say ""goodbye"" in Dutch?", Tot ziens, Hallo, Dag, Goedemorgen, Tot ziens,Dutch,Vocabulary,Easy,Greetings
"What does ""boek"" mean in English?", Book, Table, Chair, Bed, Book,Dutch,Vocabulary,Easy,Objects
"How would you say ""I am cold"" in Dutch?", Ik heb het koud, Ik ben warm, Ik ben moe, Ik wil eten, Ik heb het koud,Dutch,Vocabulary,Easy,Emotions
"What is the Dutch word for ""rabbit""?", Konijn, Hond, Kat, Vogel, Konijn,Dutch,Vocabulary,Easy,Animal
"Translate ""orange"" into Dutch.", Oranje, Rood, Groen, Blauw, Oranje,Dutch,Vocabulary,Easy,Colors
"What does ""eten"" mean in English?", To eat, To drink, To sleep, To run, To eat,Dutch,Vocabulary,Easy,Food
"How do you say ""please"" in Dutch?", Alsjeblieft, Dank je, Sorry, Hallo, Alsjeblieft,Dutch,Vocabulary,Easy,Politeness
"What is the Dutch word for ""summer""?", Zomer, Winter, Herfst, Lente, Zomer,Dutch,Vocabulary,Easy,Seasons
"Translate ""to read"" into Dutch.", Lezen, Schrijven, Luisteren, Spreken, Lezen,Dutch,Vocabulary,Easy,Actions
"What does ""eten"" mean in English?", To eat, To drink, To sleep, To run, To eat,Dutch,Vocabulary,Easy,Food
"How would you say ""I need help"" in Dutch?", Ik heb hulp nodig, Ik ben moe, Ik wil eten, Ik ben verdrietig, Ik heb hulp nodig,Dutch,Vocabulary,Easy,Assistance
